board;category;title;description;link;image;keywords
MaryLouse Ofertas;Informática;💻 Informática: oferta destaque de hoje;Oferta selecionada pela MaryLouse em Informática. Confira antes que mude. Preço e disponibilidade podem variar.;https://s.shopee.com.br/7faEUjRXML;https://marylouse-ofertas.vercel.app/growth/pinterest/informatica.png;ofertas, promoção, achadinhos, Informática
MaryLouse Ofertas;Celulares;📱 Celulares: oferta destaque de hoje;Oferta selecionada pela MaryLouse em Celulares. Confira antes que mude. Preço e disponibilidade podem variar.;https://s.shopee.com.br/3LRFKlUpmz;https://marylouse-ofertas.vercel.app/growth/pinterest/celulares.png;ofertas, promoção, achadinhos, Celulares
MaryLouse Ofertas;Outros;📦 Outros: oferta destaque de hoje;Oferta selecionada pela MaryLouse em Outros. Confira antes que mude. Preço e disponibilidade podem variar.;https://s.shopee.com.br/9AP2oRwyVK;https://marylouse-ofertas.vercel.app/growth/pinterest/outros.png;ofertas, promoção, achadinhos, Outros
MaryLouse Ofertas;Calçados;👟 Calçados: oferta destaque de hoje;Oferta selecionada pela MaryLouse em Calçados. Confira antes que mude. Preço e disponibilidade podem variar.;https://s.shopee.com.br/40gwapaFni;https://marylouse-ofertas.vercel.app/growth/pinterest/calcados.png;ofertas, promoção, achadinhos, Calçados
MaryLouse Ofertas;Casa e Cozinha;🍳 Casa e Cozinha: oferta destaque de hoje;Oferta selecionada pela MaryLouse em Casa e Cozinha. Confira antes que mude. Preço e disponibilidade podem variar.;https://s.shopee.com.br/gQTQXaPiG;https://marylouse-ofertas.vercel.app/growth/pinterest/casa-cozinha.png;ofertas, promoção, achadinhos, Casa e Cozinha
MaryLouse Ofertas;Moda Feminina;👗 Moda Feminina: oferta destaque de hoje;Oferta selecionada pela MaryLouse em Moda Feminina. Confira antes que mude. Preço e disponibilidade podem variar.;https://s.shopee.com.br/6fhhVFylce;https://marylouse-ofertas.vercel.app/growth/pinterest/moda-feminina.png;ofertas, promoção, achadinhos, Moda Feminina
MaryLouse Ofertas;Papelaria;📚 Papelaria: oferta destaque de hoje;Oferta selecionada pela MaryLouse em Papelaria. Confira antes que mude. Preço e disponibilidade podem variar.;https://s.shopee.com.br/4B0MGB7TaS;https://marylouse-ofertas.vercel.app/growth/pinterest/papelaria.png;ofertas, promoção, achadinhos, Papelaria
MaryLouse Ofertas;Bolsas;👜 Bolsas: oferta destaque de hoje;Oferta selecionada pela MaryLouse em Bolsas. Confira antes que mude. Preço e disponibilidade podem variar.;https://s.shopee.com.br/5fp9yoLa9j;https://marylouse-ofertas.vercel.app/growth/pinterest/bolsas.png;ofertas, promoção, achadinhos, Bolsas
MaryLouse Ofertas;Pet;🐶 Pet: oferta destaque de hoje;Oferta selecionada pela MaryLouse em Pet. Confira antes que mude. Preço e disponibilidade podem variar.;https://www.mercadolivre.com.br/p/MLB66844874?matt_word=marylouse&matt_tool=50459180&forceInApp=true;https://marylouse-ofertas.vercel.app/growth/pinterest/pet.png;ofertas, promoção, achadinhos, Pet
MaryLouse Ofertas;Moda Masculina;👕 Moda Masculina: oferta destaque de hoje;Oferta selecionada pela MaryLouse em Moda Masculina. Confira antes que mude. Preço e disponibilidade podem variar.;https://s.shopee.com.br/5Astmc6zmx;https://marylouse-ofertas.vercel.app/growth/pinterest/moda-masculina.png;ofertas, promoção, achadinhos, Moda Masculina
MaryLouse Ofertas;Eletrodomésticos;🔌 Eletrodomésticos: oferta destaque de hoje;Oferta selecionada pela MaryLouse em Eletrodomésticos. Confira antes que mude. Preço e disponibilidade podem variar.;https://s.shopee.com.br/9pejo21nEA;https://marylouse-ofertas.vercel.app/growth/pinterest/eletrodomesticos.png;ofertas, promoção, achadinhos, Eletrodomésticos
MaryLouse Ofertas;Moda Plus Size;✨ Moda Plus Size: oferta destaque de hoje;Oferta selecionada pela MaryLouse em Moda Plus Size. Confira antes que mude. Preço e disponibilidade podem variar.;https://s.shopee.com.br/4qG3S8Euol;https://marylouse-ofertas.vercel.app/growth/pinterest/moda-plus-size.png;ofertas, promoção, achadinhos, Moda Plus Size
MaryLouse Ofertas;Beleza;💄 Beleza: oferta destaque de hoje;Oferta selecionada pela MaryLouse em Beleza. Confira antes que mude. Preço e disponibilidade podem variar.;https://www.mercadolivre.com.br/p/MLB77039877?matt_word=marylouse&matt_tool=50459180&forceInApp=true;https://marylouse-ofertas.vercel.app/growth/pinterest/beleza.png;ofertas, promoção, achadinhos, Beleza
MaryLouse Ofertas;Supermercados;🛒 Supermercados: oferta destaque de hoje;Oferta selecionada pela MaryLouse em Supermercados. Confira antes que mude. Preço e disponibilidade podem variar.;https://www.mercadolivre.com.br/p/MLB34684493?matt_word=marylouse&matt_tool=50459180&forceInApp=true;https://marylouse-ofertas.vercel.app/growth/pinterest/supermercados.png;ofertas, promoção, achadinhos, Supermercados
MaryLouse Ofertas;Esportes;🏋️ Esportes: oferta destaque de hoje;Oferta selecionada pela MaryLouse em Esportes. Confira antes que mude. Preço e disponibilidade podem variar.;https://www.mercadolivre.com.br/p/MLB69276346?matt_word=marylouse&matt_tool=50459180&forceInApp=true;https://marylouse-ofertas.vercel.app/growth/pinterest/esportes.png;ofertas, promoção, achadinhos, Esportes
MaryLouse Ofertas;Mãe e Bebê;🍼 Mãe e Bebê: oferta destaque de hoje;Oferta selecionada pela MaryLouse em Mãe e Bebê. Confira antes que mude. Preço e disponibilidade podem variar.;https://www.mercadolivre.com.br/p/MLB33581064?matt_word=marylouse&matt_tool=50459180&forceInApp=true;https://marylouse-ofertas.vercel.app/growth/pinterest/mae-bebe.png;ofertas, promoção, achadinhos, Mãe e Bebê
MaryLouse Ofertas;Games;🎮 Games: oferta destaque de hoje;Oferta selecionada pela MaryLouse em Games. Confira antes que mude. Preço e disponibilidade podem variar.;https://s.shopee.com.br/40gwGExSor;https://marylouse-ofertas.vercel.app/growth/pinterest/games.png;ofertas, promoção, achadinhos, Games
MaryLouse Ofertas;Eletrônicos;🎧 Eletrônicos: oferta destaque de hoje;Oferta selecionada pela MaryLouse em Eletrônicos. Confira antes que mude. Preço e disponibilidade podem variar.;https://s.shopee.com.br/5LCIuzlGPG;https://marylouse-ofertas.vercel.app/growth/pinterest/eletronicos.png;ofertas, promoção, achadinhos, Eletrônicos
