platform;category;title;caption;hashtags;url;card_url
Instagram;Beleza;💄 Ofertas de Beleza hoje;💄 Ofertas de Beleza atualizadas hoje!\n\nDestaque: Escova Pet Secadora Elétrica\nPreço: R$ 43,99\n\nVeja a seleção completa:\nhttps://marylouse-ofertas.vercel.app/ofertas-beleza.html?utm_source=social&utm_medium=organic&utm_campaign=social_beleza;#MaryLouseOfertas #Ofertas #Promocao #Achadinhos #Beleza #Skincare #Cabelo;https://marylouse-ofertas.vercel.app/ofertas-beleza.html?utm_source=social&utm_medium=organic&utm_campaign=social_beleza;https://marylouse-ofertas.vercel.app/growth/pinterest/beleza.png
Facebook;Beleza;💄 Ofertas de Beleza hoje;💄 Ofertas de Beleza atualizadas hoje!\n\nDestaque: Escova Pet Secadora Elétrica\nPreço: R$ 43,99\n\nVeja a seleção completa:\nhttps://marylouse-ofertas.vercel.app/ofertas-beleza.html?utm_source=social&utm_medium=organic&utm_campaign=social_beleza;#MaryLouseOfertas #Ofertas #Promocao #Achadinhos #Beleza #Skincare #Cabelo;https://marylouse-ofertas.vercel.app/ofertas-beleza.html?utm_source=social&utm_medium=organic&utm_campaign=social_beleza;https://marylouse-ofertas.vercel.app/growth/pinterest/beleza.png
Threads;Beleza;💄 Ofertas de Beleza hoje;💄 Ofertas de Beleza atualizadas hoje!\n\nDestaque: Escova Pet Secadora Elétrica\nPreço: R$ 43,99\n\nVeja a seleção completa:\nhttps://marylouse-ofertas.vercel.app/ofertas-beleza.html?utm_source=social&utm_medium=organic&utm_campaign=social_beleza;#MaryLouseOfertas #Ofertas #Promocao #Achadinhos #Beleza #Skincare #Cabelo;https://marylouse-ofertas.vercel.app/ofertas-beleza.html?utm_source=social&utm_medium=organic&utm_campaign=social_beleza;https://marylouse-ofertas.vercel.app/growth/pinterest/beleza.png
WhatsApp Status;Beleza;💄 Ofertas de Beleza hoje;💄 Ofertas de Beleza atualizadas hoje!\n\nDestaque: Escova Pet Secadora Elétrica\nPreço: R$ 43,99\n\nVeja a seleção completa:\nhttps://marylouse-ofertas.vercel.app/ofertas-beleza.html?utm_source=social&utm_medium=organic&utm_campaign=social_beleza;#MaryLouseOfertas #Ofertas #Promocao #Achadinhos #Beleza #Skincare #Cabelo;https://marylouse-ofertas.vercel.app/ofertas-beleza.html?utm_source=social&utm_medium=organic&utm_campaign=social_beleza;https://marylouse-ofertas.vercel.app/growth/pinterest/beleza.png
Instagram;Papelaria;📚 Ofertas de Papelaria hoje;📚 Ofertas de Papelaria atualizadas hoje!\n\nDestaque: Mini Guarda-Chuva Cápsula 5 Dobrável Portátil FPS 50+ Sol e Chuva com…\nPreço: R$ 21,99\n\nVeja a seleção completa:\nhttps://marylouse-ofertas.vercel.app/ofertas-papelaria.html?utm_source=social&utm_medium=organic&utm_campaign=social_papelaria;#MaryLouseOfertas #Ofertas #Promocao #Achadinhos;https://marylouse-ofertas.vercel.app/ofertas-papelaria.html?utm_source=social&utm_medium=organic&utm_campaign=social_papelaria;https://marylouse-ofertas.vercel.app/growth/pinterest/papelaria.png
Facebook;Papelaria;📚 Ofertas de Papelaria hoje;📚 Ofertas de Papelaria atualizadas hoje!\n\nDestaque: Mini Guarda-Chuva Cápsula 5 Dobrável Portátil FPS 50+ Sol e Chuva com…\nPreço: R$ 21,99\n\nVeja a seleção completa:\nhttps://marylouse-ofertas.vercel.app/ofertas-papelaria.html?utm_source=social&utm_medium=organic&utm_campaign=social_papelaria;#MaryLouseOfertas #Ofertas #Promocao #Achadinhos;https://marylouse-ofertas.vercel.app/ofertas-papelaria.html?utm_source=social&utm_medium=organic&utm_campaign=social_papelaria;https://marylouse-ofertas.vercel.app/growth/pinterest/papelaria.png
Threads;Papelaria;📚 Ofertas de Papelaria hoje;📚 Ofertas de Papelaria atualizadas hoje!\n\nDestaque: Mini Guarda-Chuva Cápsula 5 Dobrável Portátil FPS 50+ Sol e Chuva com…\nPreço: R$ 21,99\n\nVeja a seleção completa:\nhttps://marylouse-ofertas.vercel.app/ofertas-papelaria.html?utm_source=social&utm_medium=organic&utm_campaign=social_papelaria;#MaryLouseOfertas #Ofertas #Promocao #Achadinhos;https://marylouse-ofertas.vercel.app/ofertas-papelaria.html?utm_source=social&utm_medium=organic&utm_campaign=social_papelaria;https://marylouse-ofertas.vercel.app/growth/pinterest/papelaria.png
WhatsApp Status;Papelaria;📚 Ofertas de Papelaria hoje;📚 Ofertas de Papelaria atualizadas hoje!\n\nDestaque: Mini Guarda-Chuva Cápsula 5 Dobrável Portátil FPS 50+ Sol e Chuva com…\nPreço: R$ 21,99\n\nVeja a seleção completa:\nhttps://marylouse-ofertas.vercel.app/ofertas-papelaria.html?utm_source=social&utm_medium=organic&utm_campaign=social_papelaria;#MaryLouseOfertas #Ofertas #Promocao #Achadinhos;https://marylouse-ofertas.vercel.app/ofertas-papelaria.html?utm_source=social&utm_medium=organic&utm_campaign=social_papelaria;https://marylouse-ofertas.vercel.app/growth/pinterest/papelaria.png
Instagram;Calçados;👟 Ofertas de Calçados hoje;👟 Ofertas de Calçados atualizadas hoje!\n\nDestaque: Chinelo Slide Infantil Personagem\nPreço: R$ 29,90\n\nVeja a seleção completa:\nhttps://marylouse-ofertas.vercel.app/ofertas-calcados.html?utm_source=social&utm_medium=organic&utm_campaign=social_calcados;#MaryLouseOfertas #Ofertas #Promocao #Achadinhos #Calcados #Tenis #Moda;https://marylouse-ofertas.vercel.app/ofertas-calcados.html?utm_source=social&utm_medium=organic&utm_campaign=social_calcados;https://marylouse-ofertas.vercel.app/growth/pinterest/calcados.png
Facebook;Calçados;👟 Ofertas de Calçados hoje;👟 Ofertas de Calçados atualizadas hoje!\n\nDestaque: Chinelo Slide Infantil Personagem\nPreço: R$ 29,90\n\nVeja a seleção completa:\nhttps://marylouse-ofertas.vercel.app/ofertas-calcados.html?utm_source=social&utm_medium=organic&utm_campaign=social_calcados;#MaryLouseOfertas #Ofertas #Promocao #Achadinhos #Calcados #Tenis #Moda;https://marylouse-ofertas.vercel.app/ofertas-calcados.html?utm_source=social&utm_medium=organic&utm_campaign=social_calcados;https://marylouse-ofertas.vercel.app/growth/pinterest/calcados.png
Threads;Calçados;👟 Ofertas de Calçados hoje;👟 Ofertas de Calçados atualizadas hoje!\n\nDestaque: Chinelo Slide Infantil Personagem\nPreço: R$ 29,90\n\nVeja a seleção completa:\nhttps://marylouse-ofertas.vercel.app/ofertas-calcados.html?utm_source=social&utm_medium=organic&utm_campaign=social_calcados;#MaryLouseOfertas #Ofertas #Promocao #Achadinhos #Calcados #Tenis #Moda;https://marylouse-ofertas.vercel.app/ofertas-calcados.html?utm_source=social&utm_medium=organic&utm_campaign=social_calcados;https://marylouse-ofertas.vercel.app/growth/pinterest/calcados.png
WhatsApp Status;Calçados;👟 Ofertas de Calçados hoje;👟 Ofertas de Calçados atualizadas hoje!\n\nDestaque: Chinelo Slide Infantil Personagem\nPreço: R$ 29,90\n\nVeja a seleção completa:\nhttps://marylouse-ofertas.vercel.app/ofertas-calcados.html?utm_source=social&utm_medium=organic&utm_campaign=social_calcados;#MaryLouseOfertas #Ofertas #Promocao #Achadinhos #Calcados #Tenis #Moda;https://marylouse-ofertas.vercel.app/ofertas-calcados.html?utm_source=social&utm_medium=organic&utm_campaign=social_calcados;https://marylouse-ofertas.vercel.app/growth/pinterest/calcados.png
Instagram;Esportes;🏋️ Ofertas de Esportes hoje;🏋️ Ofertas de Esportes atualizadas hoje!\n\nDestaque: Kit de Halteres Treino 20 Kg Bonafit 3 em 1 Musculação Ajustável Segu…\nPreço: R$ 199,96\n\nVeja a seleção completa:\nhttps://marylouse-ofertas.vercel.app/ofertas-esportes.html?utm_source=social&utm_medium=organic&utm_campaign=social_esportes;#MaryLouseOfertas #Ofertas #Promocao #Achadinhos;https://marylouse-ofertas.vercel.app/ofertas-esportes.html?utm_source=social&utm_medium=organic&utm_campaign=social_esportes;https://marylouse-ofertas.vercel.app/growth/pinterest/esportes.png
Facebook;Esportes;🏋️ Ofertas de Esportes hoje;🏋️ Ofertas de Esportes atualizadas hoje!\n\nDestaque: Kit de Halteres Treino 20 Kg Bonafit 3 em 1 Musculação Ajustável Segu…\nPreço: R$ 199,96\n\nVeja a seleção completa:\nhttps://marylouse-ofertas.vercel.app/ofertas-esportes.html?utm_source=social&utm_medium=organic&utm_campaign=social_esportes;#MaryLouseOfertas #Ofertas #Promocao #Achadinhos;https://marylouse-ofertas.vercel.app/ofertas-esportes.html?utm_source=social&utm_medium=organic&utm_campaign=social_esportes;https://marylouse-ofertas.vercel.app/growth/pinterest/esportes.png
Threads;Esportes;🏋️ Ofertas de Esportes hoje;🏋️ Ofertas de Esportes atualizadas hoje!\n\nDestaque: Kit de Halteres Treino 20 Kg Bonafit 3 em 1 Musculação Ajustável Segu…\nPreço: R$ 199,96\n\nVeja a seleção completa:\nhttps://marylouse-ofertas.vercel.app/ofertas-esportes.html?utm_source=social&utm_medium=organic&utm_campaign=social_esportes;#MaryLouseOfertas #Ofertas #Promocao #Achadinhos;https://marylouse-ofertas.vercel.app/ofertas-esportes.html?utm_source=social&utm_medium=organic&utm_campaign=social_esportes;https://marylouse-ofertas.vercel.app/growth/pinterest/esportes.png
WhatsApp Status;Esportes;🏋️ Ofertas de Esportes hoje;🏋️ Ofertas de Esportes atualizadas hoje!\n\nDestaque: Kit de Halteres Treino 20 Kg Bonafit 3 em 1 Musculação Ajustável Segu…\nPreço: R$ 199,96\n\nVeja a seleção completa:\nhttps://marylouse-ofertas.vercel.app/ofertas-esportes.html?utm_source=social&utm_medium=organic&utm_campaign=social_esportes;#MaryLouseOfertas #Ofertas #Promocao #Achadinhos;https://marylouse-ofertas.vercel.app/ofertas-esportes.html?utm_source=social&utm_medium=organic&utm_campaign=social_esportes;https://marylouse-ofertas.vercel.app/growth/pinterest/esportes.png
Instagram;Outros;📦 Ofertas de Outros hoje;📦 Ofertas de Outros atualizadas hoje!\n\nDestaque: Adaptadores Tomada Universal Para Viagem Internacional Compatível Em…\nPreço: R$ 14,99\n\nVeja a seleção completa:\nhttps://marylouse-ofertas.vercel.app/ofertas-outros.html?utm_source=social&utm_medium=organic&utm_campaign=social_outros;#MaryLouseOfertas #Ofertas #Promocao #Achadinhos;https://marylouse-ofertas.vercel.app/ofertas-outros.html?utm_source=social&utm_medium=organic&utm_campaign=social_outros;https://marylouse-ofertas.vercel.app/growth/pinterest/outros.png
Facebook;Outros;📦 Ofertas de Outros hoje;📦 Ofertas de Outros atualizadas hoje!\n\nDestaque: Adaptadores Tomada Universal Para Viagem Internacional Compatível Em…\nPreço: R$ 14,99\n\nVeja a seleção completa:\nhttps://marylouse-ofertas.vercel.app/ofertas-outros.html?utm_source=social&utm_medium=organic&utm_campaign=social_outros;#MaryLouseOfertas #Ofertas #Promocao #Achadinhos;https://marylouse-ofertas.vercel.app/ofertas-outros.html?utm_source=social&utm_medium=organic&utm_campaign=social_outros;https://marylouse-ofertas.vercel.app/growth/pinterest/outros.png
Threads;Outros;📦 Ofertas de Outros hoje;📦 Ofertas de Outros atualizadas hoje!\n\nDestaque: Adaptadores Tomada Universal Para Viagem Internacional Compatível Em…\nPreço: R$ 14,99\n\nVeja a seleção completa:\nhttps://marylouse-ofertas.vercel.app/ofertas-outros.html?utm_source=social&utm_medium=organic&utm_campaign=social_outros;#MaryLouseOfertas #Ofertas #Promocao #Achadinhos;https://marylouse-ofertas.vercel.app/ofertas-outros.html?utm_source=social&utm_medium=organic&utm_campaign=social_outros;https://marylouse-ofertas.vercel.app/growth/pinterest/outros.png
WhatsApp Status;Outros;📦 Ofertas de Outros hoje;📦 Ofertas de Outros atualizadas hoje!\n\nDestaque: Adaptadores Tomada Universal Para Viagem Internacional Compatível Em…\nPreço: R$ 14,99\n\nVeja a seleção completa:\nhttps://marylouse-ofertas.vercel.app/ofertas-outros.html?utm_source=social&utm_medium=organic&utm_campaign=social_outros;#MaryLouseOfertas #Ofertas #Promocao #Achadinhos;https://marylouse-ofertas.vercel.app/ofertas-outros.html?utm_source=social&utm_medium=organic&utm_campaign=social_outros;https://marylouse-ofertas.vercel.app/growth/pinterest/outros.png
Instagram;Pet;🐶 Ofertas de Pet hoje;🐶 Ofertas de Pet atualizadas hoje!\n\nDestaque: Ração Estimacat Filhote 10kg\nPreço: R$ 253,07\n\nVeja a seleção completa:\nhttps://marylouse-ofertas.vercel.app/ofertas-pet.html?utm_source=social&utm_medium=organic&utm_campaign=social_pet;#MaryLouseOfertas #Ofertas #Promocao #Achadinhos #Pet #Caes #Gatos;https://marylouse-ofertas.vercel.app/ofertas-pet.html?utm_source=social&utm_medium=organic&utm_campaign=social_pet;https://marylouse-ofertas.vercel.app/growth/pinterest/pet.png
Facebook;Pet;🐶 Ofertas de Pet hoje;🐶 Ofertas de Pet atualizadas hoje!\n\nDestaque: Ração Estimacat Filhote 10kg\nPreço: R$ 253,07\n\nVeja a seleção completa:\nhttps://marylouse-ofertas.vercel.app/ofertas-pet.html?utm_source=social&utm_medium=organic&utm_campaign=social_pet;#MaryLouseOfertas #Ofertas #Promocao #Achadinhos #Pet #Caes #Gatos;https://marylouse-ofertas.vercel.app/ofertas-pet.html?utm_source=social&utm_medium=organic&utm_campaign=social_pet;https://marylouse-ofertas.vercel.app/growth/pinterest/pet.png
Threads;Pet;🐶 Ofertas de Pet hoje;🐶 Ofertas de Pet atualizadas hoje!\n\nDestaque: Ração Estimacat Filhote 10kg\nPreço: R$ 253,07\n\nVeja a seleção completa:\nhttps://marylouse-ofertas.vercel.app/ofertas-pet.html?utm_source=social&utm_medium=organic&utm_campaign=social_pet;#MaryLouseOfertas #Ofertas #Promocao #Achadinhos #Pet #Caes #Gatos;https://marylouse-ofertas.vercel.app/ofertas-pet.html?utm_source=social&utm_medium=organic&utm_campaign=social_pet;https://marylouse-ofertas.vercel.app/growth/pinterest/pet.png
WhatsApp Status;Pet;🐶 Ofertas de Pet hoje;🐶 Ofertas de Pet atualizadas hoje!\n\nDestaque: Ração Estimacat Filhote 10kg\nPreço: R$ 253,07\n\nVeja a seleção completa:\nhttps://marylouse-ofertas.vercel.app/ofertas-pet.html?utm_source=social&utm_medium=organic&utm_campaign=social_pet;#MaryLouseOfertas #Ofertas #Promocao #Achadinhos #Pet #Caes #Gatos;https://marylouse-ofertas.vercel.app/ofertas-pet.html?utm_source=social&utm_medium=organic&utm_campaign=social_pet;https://marylouse-ofertas.vercel.app/growth/pinterest/pet.png
Instagram;Casa e Cozinha;🍳 Ofertas de Casa e Cozinha hoje;🍳 Ofertas de Casa e Cozinha atualizadas hoje!\n\nDestaque: 1.8L Panela De Arroz Elétrica Multi-Camadas/De Dupla Camada Dormitóri…\nPreço: R$ 58,87\n\nVeja a seleção completa:\nhttps://marylouse-ofertas.vercel.app/ofertas-casa-cozinha.html?utm_source=social&utm_medium=organic&utm_campaign=social_casa-cozinha;#MaryLouseOfertas #Ofertas #Promocao #Achadinhos #Casa #Cozinha #AchadinhosDeCasa;https://marylouse-ofertas.vercel.app/ofertas-casa-cozinha.html?utm_source=social&utm_medium=organic&utm_campaign=social_casa-cozinha;https://marylouse-ofertas.vercel.app/growth/pinterest/casa-cozinha.png
Facebook;Casa e Cozinha;🍳 Ofertas de Casa e Cozinha hoje;🍳 Ofertas de Casa e Cozinha atualizadas hoje!\n\nDestaque: 1.8L Panela De Arroz Elétrica Multi-Camadas/De Dupla Camada Dormitóri…\nPreço: R$ 58,87\n\nVeja a seleção completa:\nhttps://marylouse-ofertas.vercel.app/ofertas-casa-cozinha.html?utm_source=social&utm_medium=organic&utm_campaign=social_casa-cozinha;#MaryLouseOfertas #Ofertas #Promocao #Achadinhos #Casa #Cozinha #AchadinhosDeCasa;https://marylouse-ofertas.vercel.app/ofertas-casa-cozinha.html?utm_source=social&utm_medium=organic&utm_campaign=social_casa-cozinha;https://marylouse-ofertas.vercel.app/growth/pinterest/casa-cozinha.png
Threads;Casa e Cozinha;🍳 Ofertas de Casa e Cozinha hoje;🍳 Ofertas de Casa e Cozinha atualizadas hoje!\n\nDestaque: 1.8L Panela De Arroz Elétrica Multi-Camadas/De Dupla Camada Dormitóri…\nPreço: R$ 58,87\n\nVeja a seleção completa:\nhttps://marylouse-ofertas.vercel.app/ofertas-casa-cozinha.html?utm_source=social&utm_medium=organic&utm_campaign=social_casa-cozinha;#MaryLouseOfertas #Ofertas #Promocao #Achadinhos #Casa #Cozinha #AchadinhosDeCasa;https://marylouse-ofertas.vercel.app/ofertas-casa-cozinha.html?utm_source=social&utm_medium=organic&utm_campaign=social_casa-cozinha;https://marylouse-ofertas.vercel.app/growth/pinterest/casa-cozinha.png
WhatsApp Status;Casa e Cozinha;🍳 Ofertas de Casa e Cozinha hoje;🍳 Ofertas de Casa e Cozinha atualizadas hoje!\n\nDestaque: 1.8L Panela De Arroz Elétrica Multi-Camadas/De Dupla Camada Dormitóri…\nPreço: R$ 58,87\n\nVeja a seleção completa:\nhttps://marylouse-ofertas.vercel.app/ofertas-casa-cozinha.html?utm_source=social&utm_medium=organic&utm_campaign=social_casa-cozinha;#MaryLouseOfertas #Ofertas #Promocao #Achadinhos #Casa #Cozinha #AchadinhosDeCasa;https://marylouse-ofertas.vercel.app/ofertas-casa-cozinha.html?utm_source=social&utm_medium=organic&utm_campaign=social_casa-cozinha;https://marylouse-ofertas.vercel.app/growth/pinterest/casa-cozinha.png
Instagram;Celulares;📱 Ofertas de Celulares hoje;📱 Ofertas de Celulares atualizadas hoje!\n\nDestaque: Teclado e mouse sem fio—Compatível com tablet，Notebook e celular, Rec…\nPreço: R$ 43,69\n\nVeja a seleção completa:\nhttps://marylouse-ofertas.vercel.app/ofertas-celulares.html?utm_source=social&utm_medium=organic&utm_campaign=social_celulares;#MaryLouseOfertas #Ofertas #Promocao #Achadinhos #Celular #Smartphone #Tecnologia;https://marylouse-ofertas.vercel.app/ofertas-celulares.html?utm_source=social&utm_medium=organic&utm_campaign=social_celulares;https://marylouse-ofertas.vercel.app/growth/pinterest/celulares.png
Facebook;Celulares;📱 Ofertas de Celulares hoje;📱 Ofertas de Celulares atualizadas hoje!\n\nDestaque: Teclado e mouse sem fio—Compatível com tablet，Notebook e celular, Rec…\nPreço: R$ 43,69\n\nVeja a seleção completa:\nhttps://marylouse-ofertas.vercel.app/ofertas-celulares.html?utm_source=social&utm_medium=organic&utm_campaign=social_celulares;#MaryLouseOfertas #Ofertas #Promocao #Achadinhos #Celular #Smartphone #Tecnologia;https://marylouse-ofertas.vercel.app/ofertas-celulares.html?utm_source=social&utm_medium=organic&utm_campaign=social_celulares;https://marylouse-ofertas.vercel.app/growth/pinterest/celulares.png
Threads;Celulares;📱 Ofertas de Celulares hoje;📱 Ofertas de Celulares atualizadas hoje!\n\nDestaque: Teclado e mouse sem fio—Compatível com tablet，Notebook e celular, Rec…\nPreço: R$ 43,69\n\nVeja a seleção completa:\nhttps://marylouse-ofertas.vercel.app/ofertas-celulares.html?utm_source=social&utm_medium=organic&utm_campaign=social_celulares;#MaryLouseOfertas #Ofertas #Promocao #Achadinhos #Celular #Smartphone #Tecnologia;https://marylouse-ofertas.vercel.app/ofertas-celulares.html?utm_source=social&utm_medium=organic&utm_campaign=social_celulares;https://marylouse-ofertas.vercel.app/growth/pinterest/celulares.png
WhatsApp Status;Celulares;📱 Ofertas de Celulares hoje;📱 Ofertas de Celulares atualizadas hoje!\n\nDestaque: Teclado e mouse sem fio—Compatível com tablet，Notebook e celular, Rec…\nPreço: R$ 43,69\n\nVeja a seleção completa:\nhttps://marylouse-ofertas.vercel.app/ofertas-celulares.html?utm_source=social&utm_medium=organic&utm_campaign=social_celulares;#MaryLouseOfertas #Ofertas #Promocao #Achadinhos #Celular #Smartphone #Tecnologia;https://marylouse-ofertas.vercel.app/ofertas-celulares.html?utm_source=social&utm_medium=organic&utm_campaign=social_celulares;https://marylouse-ofertas.vercel.app/growth/pinterest/celulares.png
Instagram;Moda Feminina;👗 Ofertas de Moda Feminina hoje;👗 Ofertas de Moda Feminina atualizadas hoje!\n\nDestaque: Conjunto Feminino Body Quadrado+Short Alfaiataria Com Bolso e Cinto…\nPreço: R$ 55,97\n\nVeja a seleção completa:\nhttps://marylouse-ofertas.vercel.app/ofertas-moda-feminina.html?utm_source=social&utm_medium=organic&utm_campaign=social_moda-feminina;#MaryLouseOfertas #Ofertas #Promocao #Achadinhos #ModaFeminina #Look #Moda;https://marylouse-ofertas.vercel.app/ofertas-moda-feminina.html?utm_source=social&utm_medium=organic&utm_campaign=social_moda-feminina;https://marylouse-ofertas.vercel.app/growth/pinterest/moda-feminina.png
Facebook;Moda Feminina;👗 Ofertas de Moda Feminina hoje;👗 Ofertas de Moda Feminina atualizadas hoje!\n\nDestaque: Conjunto Feminino Body Quadrado+Short Alfaiataria Com Bolso e Cinto…\nPreço: R$ 55,97\n\nVeja a seleção completa:\nhttps://marylouse-ofertas.vercel.app/ofertas-moda-feminina.html?utm_source=social&utm_medium=organic&utm_campaign=social_moda-feminina;#MaryLouseOfertas #Ofertas #Promocao #Achadinhos #ModaFeminina #Look #Moda;https://marylouse-ofertas.vercel.app/ofertas-moda-feminina.html?utm_source=social&utm_medium=organic&utm_campaign=social_moda-feminina;https://marylouse-ofertas.vercel.app/growth/pinterest/moda-feminina.png
Threads;Moda Feminina;👗 Ofertas de Moda Feminina hoje;👗 Ofertas de Moda Feminina atualizadas hoje!\n\nDestaque: Conjunto Feminino Body Quadrado+Short Alfaiataria Com Bolso e Cinto…\nPreço: R$ 55,97\n\nVeja a seleção completa:\nhttps://marylouse-ofertas.vercel.app/ofertas-moda-feminina.html?utm_source=social&utm_medium=organic&utm_campaign=social_moda-feminina;#MaryLouseOfertas #Ofertas #Promocao #Achadinhos #ModaFeminina #Look #Moda;https://marylouse-ofertas.vercel.app/ofertas-moda-feminina.html?utm_source=social&utm_medium=organic&utm_campaign=social_moda-feminina;https://marylouse-ofertas.vercel.app/growth/pinterest/moda-feminina.png
WhatsApp Status;Moda Feminina;👗 Ofertas de Moda Feminina hoje;👗 Ofertas de Moda Feminina atualizadas hoje!\n\nDestaque: Conjunto Feminino Body Quadrado+Short Alfaiataria Com Bolso e Cinto…\nPreço: R$ 55,97\n\nVeja a seleção completa:\nhttps://marylouse-ofertas.vercel.app/ofertas-moda-feminina.html?utm_source=social&utm_medium=organic&utm_campaign=social_moda-feminina;#MaryLouseOfertas #Ofertas #Promocao #Achadinhos #ModaFeminina #Look #Moda;https://marylouse-ofertas.vercel.app/ofertas-moda-feminina.html?utm_source=social&utm_medium=organic&utm_campaign=social_moda-feminina;https://marylouse-ofertas.vercel.app/growth/pinterest/moda-feminina.png
Instagram;Informática;💻 Ofertas de Informática hoje;💻 Ofertas de Informática atualizadas hoje!\n\nDestaque: Case Gaveta HD SSD 2.5 USB 3.0 Transparente\nPreço: R$ 30,99\n\nVeja a seleção completa:\nhttps://marylouse-ofertas.vercel.app/ofertas-informatica.html?utm_source=social&utm_medium=organic&utm_campaign=social_informatica;#MaryLouseOfertas #Ofertas #Promocao #Achadinhos #Informatica #Notebook #Setup;https://marylouse-ofertas.vercel.app/ofertas-informatica.html?utm_source=social&utm_medium=organic&utm_campaign=social_informatica;https://marylouse-ofertas.vercel.app/growth/pinterest/informatica.png
Facebook;Informática;💻 Ofertas de Informática hoje;💻 Ofertas de Informática atualizadas hoje!\n\nDestaque: Case Gaveta HD SSD 2.5 USB 3.0 Transparente\nPreço: R$ 30,99\n\nVeja a seleção completa:\nhttps://marylouse-ofertas.vercel.app/ofertas-informatica.html?utm_source=social&utm_medium=organic&utm_campaign=social_informatica;#MaryLouseOfertas #Ofertas #Promocao #Achadinhos #Informatica #Notebook #Setup;https://marylouse-ofertas.vercel.app/ofertas-informatica.html?utm_source=social&utm_medium=organic&utm_campaign=social_informatica;https://marylouse-ofertas.vercel.app/growth/pinterest/informatica.png
Threads;Informática;💻 Ofertas de Informática hoje;💻 Ofertas de Informática atualizadas hoje!\n\nDestaque: Case Gaveta HD SSD 2.5 USB 3.0 Transparente\nPreço: R$ 30,99\n\nVeja a seleção completa:\nhttps://marylouse-ofertas.vercel.app/ofertas-informatica.html?utm_source=social&utm_medium=organic&utm_campaign=social_informatica;#MaryLouseOfertas #Ofertas #Promocao #Achadinhos #Informatica #Notebook #Setup;https://marylouse-ofertas.vercel.app/ofertas-informatica.html?utm_source=social&utm_medium=organic&utm_campaign=social_informatica;https://marylouse-ofertas.vercel.app/growth/pinterest/informatica.png
WhatsApp Status;Informática;💻 Ofertas de Informática hoje;💻 Ofertas de Informática atualizadas hoje!\n\nDestaque: Case Gaveta HD SSD 2.5 USB 3.0 Transparente\nPreço: R$ 30,99\n\nVeja a seleção completa:\nhttps://marylouse-ofertas.vercel.app/ofertas-informatica.html?utm_source=social&utm_medium=organic&utm_campaign=social_informatica;#MaryLouseOfertas #Ofertas #Promocao #Achadinhos #Informatica #Notebook #Setup;https://marylouse-ofertas.vercel.app/ofertas-informatica.html?utm_source=social&utm_medium=organic&utm_campaign=social_informatica;https://marylouse-ofertas.vercel.app/growth/pinterest/informatica.png
Instagram;Moda Masculina;👕 Ofertas de Moda Masculina hoje;👕 Ofertas de Moda Masculina atualizadas hoje!\n\nDestaque: Camiseta Light T-shirt Insider\nPreço: R$ 95,00\n\nVeja a seleção completa:\nhttps://marylouse-ofertas.vercel.app/ofertas-moda-masculina.html?utm_source=social&utm_medium=organic&utm_campaign=social_moda-masculina;#MaryLouseOfertas #Ofertas #Promocao #Achadinhos #ModaMasculina #Moda;https://marylouse-ofertas.vercel.app/ofertas-moda-masculina.html?utm_source=social&utm_medium=organic&utm_campaign=social_moda-masculina;https://marylouse-ofertas.vercel.app/growth/pinterest/moda-masculina.png
Facebook;Moda Masculina;👕 Ofertas de Moda Masculina hoje;👕 Ofertas de Moda Masculina atualizadas hoje!\n\nDestaque: Camiseta Light T-shirt Insider\nPreço: R$ 95,00\n\nVeja a seleção completa:\nhttps://marylouse-ofertas.vercel.app/ofertas-moda-masculina.html?utm_source=social&utm_medium=organic&utm_campaign=social_moda-masculina;#MaryLouseOfertas #Ofertas #Promocao #Achadinhos #ModaMasculina #Moda;https://marylouse-ofertas.vercel.app/ofertas-moda-masculina.html?utm_source=social&utm_medium=organic&utm_campaign=social_moda-masculina;https://marylouse-ofertas.vercel.app/growth/pinterest/moda-masculina.png
Threads;Moda Masculina;👕 Ofertas de Moda Masculina hoje;👕 Ofertas de Moda Masculina atualizadas hoje!\n\nDestaque: Camiseta Light T-shirt Insider\nPreço: R$ 95,00\n\nVeja a seleção completa:\nhttps://marylouse-ofertas.vercel.app/ofertas-moda-masculina.html?utm_source=social&utm_medium=organic&utm_campaign=social_moda-masculina;#MaryLouseOfertas #Ofertas #Promocao #Achadinhos #ModaMasculina #Moda;https://marylouse-ofertas.vercel.app/ofertas-moda-masculina.html?utm_source=social&utm_medium=organic&utm_campaign=social_moda-masculina;https://marylouse-ofertas.vercel.app/growth/pinterest/moda-masculina.png
WhatsApp Status;Moda Masculina;👕 Ofertas de Moda Masculina hoje;👕 Ofertas de Moda Masculina atualizadas hoje!\n\nDestaque: Camiseta Light T-shirt Insider\nPreço: R$ 95,00\n\nVeja a seleção completa:\nhttps://marylouse-ofertas.vercel.app/ofertas-moda-masculina.html?utm_source=social&utm_medium=organic&utm_campaign=social_moda-masculina;#MaryLouseOfertas #Ofertas #Promocao #Achadinhos #ModaMasculina #Moda;https://marylouse-ofertas.vercel.app/ofertas-moda-masculina.html?utm_source=social&utm_medium=organic&utm_campaign=social_moda-masculina;https://marylouse-ofertas.vercel.app/growth/pinterest/moda-masculina.png
Instagram;Eletrodomésticos;🔌 Ofertas de Eletrodomésticos hoje;🔌 Ofertas de Eletrodomésticos atualizadas hoje!\n\nDestaque: MINI Refrigerador De Ar Ventilador Umidificador Dupla Giratório+rgb C…\nPreço: R$ 59,88\n\nVeja a seleção completa:\nhttps://marylouse-ofertas.vercel.app/ofertas-eletrodomesticos.html?utm_source=social&utm_medium=organic&utm_campaign=social_eletrodomesticos;#MaryLouseOfertas #Ofertas #Promocao #Achadinhos;https://marylouse-ofertas.vercel.app/ofertas-eletrodomesticos.html?utm_source=social&utm_medium=organic&utm_campaign=social_eletrodomesticos;https://marylouse-ofertas.vercel.app/growth/pinterest/eletrodomesticos.png
Facebook;Eletrodomésticos;🔌 Ofertas de Eletrodomésticos hoje;🔌 Ofertas de Eletrodomésticos atualizadas hoje!\n\nDestaque: MINI Refrigerador De Ar Ventilador Umidificador Dupla Giratório+rgb C…\nPreço: R$ 59,88\n\nVeja a seleção completa:\nhttps://marylouse-ofertas.vercel.app/ofertas-eletrodomesticos.html?utm_source=social&utm_medium=organic&utm_campaign=social_eletrodomesticos;#MaryLouseOfertas #Ofertas #Promocao #Achadinhos;https://marylouse-ofertas.vercel.app/ofertas-eletrodomesticos.html?utm_source=social&utm_medium=organic&utm_campaign=social_eletrodomesticos;https://marylouse-ofertas.vercel.app/growth/pinterest/eletrodomesticos.png
Threads;Eletrodomésticos;🔌 Ofertas de Eletrodomésticos hoje;🔌 Ofertas de Eletrodomésticos atualizadas hoje!\n\nDestaque: MINI Refrigerador De Ar Ventilador Umidificador Dupla Giratório+rgb C…\nPreço: R$ 59,88\n\nVeja a seleção completa:\nhttps://marylouse-ofertas.vercel.app/ofertas-eletrodomesticos.html?utm_source=social&utm_medium=organic&utm_campaign=social_eletrodomesticos;#MaryLouseOfertas #Ofertas #Promocao #Achadinhos;https://marylouse-ofertas.vercel.app/ofertas-eletrodomesticos.html?utm_source=social&utm_medium=organic&utm_campaign=social_eletrodomesticos;https://marylouse-ofertas.vercel.app/growth/pinterest/eletrodomesticos.png
WhatsApp Status;Eletrodomésticos;🔌 Ofertas de Eletrodomésticos hoje;🔌 Ofertas de Eletrodomésticos atualizadas hoje!\n\nDestaque: MINI Refrigerador De Ar Ventilador Umidificador Dupla Giratório+rgb C…\nPreço: R$ 59,88\n\nVeja a seleção completa:\nhttps://marylouse-ofertas.vercel.app/ofertas-eletrodomesticos.html?utm_source=social&utm_medium=organic&utm_campaign=social_eletrodomesticos;#MaryLouseOfertas #Ofertas #Promocao #Achadinhos;https://marylouse-ofertas.vercel.app/ofertas-eletrodomesticos.html?utm_source=social&utm_medium=organic&utm_campaign=social_eletrodomesticos;https://marylouse-ofertas.vercel.app/growth/pinterest/eletrodomesticos.png
Instagram;Moda Plus Size;✨ Ofertas de Moda Plus Size hoje;✨ Ofertas de Moda Plus Size atualizadas hoje!\n\nDestaque: Blazer Plus Size Alfaiataria\nPreço: R$ 49,00\n\nVeja a seleção completa:\nhttps://marylouse-ofertas.vercel.app/ofertas-moda-plus-size.html?utm_source=social&utm_medium=organic&utm_campaign=social_moda-plus-size;#MaryLouseOfertas #Ofertas #Promocao #Achadinhos;https://marylouse-ofertas.vercel.app/ofertas-moda-plus-size.html?utm_source=social&utm_medium=organic&utm_campaign=social_moda-plus-size;https://marylouse-ofertas.vercel.app/growth/pinterest/moda-plus-size.png
Facebook;Moda Plus Size;✨ Ofertas de Moda Plus Size hoje;✨ Ofertas de Moda Plus Size atualizadas hoje!\n\nDestaque: Blazer Plus Size Alfaiataria\nPreço: R$ 49,00\n\nVeja a seleção completa:\nhttps://marylouse-ofertas.vercel.app/ofertas-moda-plus-size.html?utm_source=social&utm_medium=organic&utm_campaign=social_moda-plus-size;#MaryLouseOfertas #Ofertas #Promocao #Achadinhos;https://marylouse-ofertas.vercel.app/ofertas-moda-plus-size.html?utm_source=social&utm_medium=organic&utm_campaign=social_moda-plus-size;https://marylouse-ofertas.vercel.app/growth/pinterest/moda-plus-size.png
Threads;Moda Plus Size;✨ Ofertas de Moda Plus Size hoje;✨ Ofertas de Moda Plus Size atualizadas hoje!\n\nDestaque: Blazer Plus Size Alfaiataria\nPreço: R$ 49,00\n\nVeja a seleção completa:\nhttps://marylouse-ofertas.vercel.app/ofertas-moda-plus-size.html?utm_source=social&utm_medium=organic&utm_campaign=social_moda-plus-size;#MaryLouseOfertas #Ofertas #Promocao #Achadinhos;https://marylouse-ofertas.vercel.app/ofertas-moda-plus-size.html?utm_source=social&utm_medium=organic&utm_campaign=social_moda-plus-size;https://marylouse-ofertas.vercel.app/growth/pinterest/moda-plus-size.png
WhatsApp Status;Moda Plus Size;✨ Ofertas de Moda Plus Size hoje;✨ Ofertas de Moda Plus Size atualizadas hoje!\n\nDestaque: Blazer Plus Size Alfaiataria\nPreço: R$ 49,00\n\nVeja a seleção completa:\nhttps://marylouse-ofertas.vercel.app/ofertas-moda-plus-size.html?utm_source=social&utm_medium=organic&utm_campaign=social_moda-plus-size;#MaryLouseOfertas #Ofertas #Promocao #Achadinhos;https://marylouse-ofertas.vercel.app/ofertas-moda-plus-size.html?utm_source=social&utm_medium=organic&utm_campaign=social_moda-plus-size;https://marylouse-ofertas.vercel.app/growth/pinterest/moda-plus-size.png
Instagram;Moda Infantil;🧒 Ofertas de Moda Infantil hoje;🧒 Ofertas de Moda Infantil atualizadas hoje!\n\nDestaque: KIT 40 unidades de xuxinhas com Detalhes de Silicone Laço/Coroa/Unico…\nPreço: R$ 20,99\n\nVeja a seleção completa:\nhttps://marylouse-ofertas.vercel.app/ofertas-moda-infantil.html?utm_source=social&utm_medium=organic&utm_campaign=social_moda-infantil;#MaryLouseOfertas #Ofertas #Promocao #Achadinhos;https://marylouse-ofertas.vercel.app/ofertas-moda-infantil.html?utm_source=social&utm_medium=organic&utm_campaign=social_moda-infantil;https://marylouse-ofertas.vercel.app/growth/pinterest/moda-infantil.png
Facebook;Moda Infantil;🧒 Ofertas de Moda Infantil hoje;🧒 Ofertas de Moda Infantil atualizadas hoje!\n\nDestaque: KIT 40 unidades de xuxinhas com Detalhes de Silicone Laço/Coroa/Unico…\nPreço: R$ 20,99\n\nVeja a seleção completa:\nhttps://marylouse-ofertas.vercel.app/ofertas-moda-infantil.html?utm_source=social&utm_medium=organic&utm_campaign=social_moda-infantil;#MaryLouseOfertas #Ofertas #Promocao #Achadinhos;https://marylouse-ofertas.vercel.app/ofertas-moda-infantil.html?utm_source=social&utm_medium=organic&utm_campaign=social_moda-infantil;https://marylouse-ofertas.vercel.app/growth/pinterest/moda-infantil.png
Threads;Moda Infantil;🧒 Ofertas de Moda Infantil hoje;🧒 Ofertas de Moda Infantil atualizadas hoje!\n\nDestaque: KIT 40 unidades de xuxinhas com Detalhes de Silicone Laço/Coroa/Unico…\nPreço: R$ 20,99\n\nVeja a seleção completa:\nhttps://marylouse-ofertas.vercel.app/ofertas-moda-infantil.html?utm_source=social&utm_medium=organic&utm_campaign=social_moda-infantil;#MaryLouseOfertas #Ofertas #Promocao #Achadinhos;https://marylouse-ofertas.vercel.app/ofertas-moda-infantil.html?utm_source=social&utm_medium=organic&utm_campaign=social_moda-infantil;https://marylouse-ofertas.vercel.app/growth/pinterest/moda-infantil.png
WhatsApp Status;Moda Infantil;🧒 Ofertas de Moda Infantil hoje;🧒 Ofertas de Moda Infantil atualizadas hoje!\n\nDestaque: KIT 40 unidades de xuxinhas com Detalhes de Silicone Laço/Coroa/Unico…\nPreço: R$ 20,99\n\nVeja a seleção completa:\nhttps://marylouse-ofertas.vercel.app/ofertas-moda-infantil.html?utm_source=social&utm_medium=organic&utm_campaign=social_moda-infantil;#MaryLouseOfertas #Ofertas #Promocao #Achadinhos;https://marylouse-ofertas.vercel.app/ofertas-moda-infantil.html?utm_source=social&utm_medium=organic&utm_campaign=social_moda-infantil;https://marylouse-ofertas.vercel.app/growth/pinterest/moda-infantil.png
Instagram;Supermercados;🛒 Ofertas de Supermercados hoje;🛒 Ofertas de Supermercados atualizadas hoje!\n\nDestaque: Azeite Vila Oliva 3x500ml\nPreço: R$ 129,90\n\nVeja a seleção completa:\nhttps://marylouse-ofertas.vercel.app/ofertas-supermercados.html?utm_source=social&utm_medium=organic&utm_campaign=social_supermercados;#MaryLouseOfertas #Ofertas #Promocao #Achadinhos #Supermercado #Economia #Limpeza;https://marylouse-ofertas.vercel.app/ofertas-supermercados.html?utm_source=social&utm_medium=organic&utm_campaign=social_supermercados;https://marylouse-ofertas.vercel.app/growth/pinterest/supermercados.png
Facebook;Supermercados;🛒 Ofertas de Supermercados hoje;🛒 Ofertas de Supermercados atualizadas hoje!\n\nDestaque: Azeite Vila Oliva 3x500ml\nPreço: R$ 129,90\n\nVeja a seleção completa:\nhttps://marylouse-ofertas.vercel.app/ofertas-supermercados.html?utm_source=social&utm_medium=organic&utm_campaign=social_supermercados;#MaryLouseOfertas #Ofertas #Promocao #Achadinhos #Supermercado #Economia #Limpeza;https://marylouse-ofertas.vercel.app/ofertas-supermercados.html?utm_source=social&utm_medium=organic&utm_campaign=social_supermercados;https://marylouse-ofertas.vercel.app/growth/pinterest/supermercados.png
Threads;Supermercados;🛒 Ofertas de Supermercados hoje;🛒 Ofertas de Supermercados atualizadas hoje!\n\nDestaque: Azeite Vila Oliva 3x500ml\nPreço: R$ 129,90\n\nVeja a seleção completa:\nhttps://marylouse-ofertas.vercel.app/ofertas-supermercados.html?utm_source=social&utm_medium=organic&utm_campaign=social_supermercados;#MaryLouseOfertas #Ofertas #Promocao #Achadinhos #Supermercado #Economia #Limpeza;https://marylouse-ofertas.vercel.app/ofertas-supermercados.html?utm_source=social&utm_medium=organic&utm_campaign=social_supermercados;https://marylouse-ofertas.vercel.app/growth/pinterest/supermercados.png
WhatsApp Status;Supermercados;🛒 Ofertas de Supermercados hoje;🛒 Ofertas de Supermercados atualizadas hoje!\n\nDestaque: Azeite Vila Oliva 3x500ml\nPreço: R$ 129,90\n\nVeja a seleção completa:\nhttps://marylouse-ofertas.vercel.app/ofertas-supermercados.html?utm_source=social&utm_medium=organic&utm_campaign=social_supermercados;#MaryLouseOfertas #Ofertas #Promocao #Achadinhos #Supermercado #Economia #Limpeza;https://marylouse-ofertas.vercel.app/ofertas-supermercados.html?utm_source=social&utm_medium=organic&utm_campaign=social_supermercados;https://marylouse-ofertas.vercel.app/growth/pinterest/supermercados.png
Instagram;Mãe e Bebê;🍼 Ofertas de Mãe e Bebê hoje;🍼 Ofertas de Mãe e Bebê atualizadas hoje!\n\nDestaque: Fralda Pampers Confort Sec G 38 Unidades\nPreço: R$ 120,00\n\nVeja a seleção completa:\nhttps://marylouse-ofertas.vercel.app/ofertas-mae-bebe.html?utm_source=social&utm_medium=organic&utm_campaign=social_mae-bebe;#MaryLouseOfertas #Ofertas #Promocao #Achadinhos #Fraldas #Bebe #Maternidade;https://marylouse-ofertas.vercel.app/ofertas-mae-bebe.html?utm_source=social&utm_medium=organic&utm_campaign=social_mae-bebe;https://marylouse-ofertas.vercel.app/growth/pinterest/mae-bebe.png
Facebook;Mãe e Bebê;🍼 Ofertas de Mãe e Bebê hoje;🍼 Ofertas de Mãe e Bebê atualizadas hoje!\n\nDestaque: Fralda Pampers Confort Sec G 38 Unidades\nPreço: R$ 120,00\n\nVeja a seleção completa:\nhttps://marylouse-ofertas.vercel.app/ofertas-mae-bebe.html?utm_source=social&utm_medium=organic&utm_campaign=social_mae-bebe;#MaryLouseOfertas #Ofertas #Promocao #Achadinhos #Fraldas #Bebe #Maternidade;https://marylouse-ofertas.vercel.app/ofertas-mae-bebe.html?utm_source=social&utm_medium=organic&utm_campaign=social_mae-bebe;https://marylouse-ofertas.vercel.app/growth/pinterest/mae-bebe.png
Threads;Mãe e Bebê;🍼 Ofertas de Mãe e Bebê hoje;🍼 Ofertas de Mãe e Bebê atualizadas hoje!\n\nDestaque: Fralda Pampers Confort Sec G 38 Unidades\nPreço: R$ 120,00\n\nVeja a seleção completa:\nhttps://marylouse-ofertas.vercel.app/ofertas-mae-bebe.html?utm_source=social&utm_medium=organic&utm_campaign=social_mae-bebe;#MaryLouseOfertas #Ofertas #Promocao #Achadinhos #Fraldas #Bebe #Maternidade;https://marylouse-ofertas.vercel.app/ofertas-mae-bebe.html?utm_source=social&utm_medium=organic&utm_campaign=social_mae-bebe;https://marylouse-ofertas.vercel.app/growth/pinterest/mae-bebe.png
WhatsApp Status;Mãe e Bebê;🍼 Ofertas de Mãe e Bebê hoje;🍼 Ofertas de Mãe e Bebê atualizadas hoje!\n\nDestaque: Fralda Pampers Confort Sec G 38 Unidades\nPreço: R$ 120,00\n\nVeja a seleção completa:\nhttps://marylouse-ofertas.vercel.app/ofertas-mae-bebe.html?utm_source=social&utm_medium=organic&utm_campaign=social_mae-bebe;#MaryLouseOfertas #Ofertas #Promocao #Achadinhos #Fraldas #Bebe #Maternidade;https://marylouse-ofertas.vercel.app/ofertas-mae-bebe.html?utm_source=social&utm_medium=organic&utm_campaign=social_mae-bebe;https://marylouse-ofertas.vercel.app/growth/pinterest/mae-bebe.png
Instagram;Games;🎮 Ofertas de Games hoje;🎮 Ofertas de Games atualizadas hoje!\n\nDestaque: GTA VI Edição Standard - PS5\nPreço: R$ 449,90\n\nVeja a seleção completa:\nhttps://marylouse-ofertas.vercel.app/ofertas-games.html?utm_source=social&utm_medium=organic&utm_campaign=social_games;#MaryLouseOfertas #Ofertas #Promocao #Achadinhos;https://marylouse-ofertas.vercel.app/ofertas-games.html?utm_source=social&utm_medium=organic&utm_campaign=social_games;https://marylouse-ofertas.vercel.app/growth/pinterest/games.png
Facebook;Games;🎮 Ofertas de Games hoje;🎮 Ofertas de Games atualizadas hoje!\n\nDestaque: GTA VI Edição Standard - PS5\nPreço: R$ 449,90\n\nVeja a seleção completa:\nhttps://marylouse-ofertas.vercel.app/ofertas-games.html?utm_source=social&utm_medium=organic&utm_campaign=social_games;#MaryLouseOfertas #Ofertas #Promocao #Achadinhos;https://marylouse-ofertas.vercel.app/ofertas-games.html?utm_source=social&utm_medium=organic&utm_campaign=social_games;https://marylouse-ofertas.vercel.app/growth/pinterest/games.png
Threads;Games;🎮 Ofertas de Games hoje;🎮 Ofertas de Games atualizadas hoje!\n\nDestaque: GTA VI Edição Standard - PS5\nPreço: R$ 449,90\n\nVeja a seleção completa:\nhttps://marylouse-ofertas.vercel.app/ofertas-games.html?utm_source=social&utm_medium=organic&utm_campaign=social_games;#MaryLouseOfertas #Ofertas #Promocao #Achadinhos;https://marylouse-ofertas.vercel.app/ofertas-games.html?utm_source=social&utm_medium=organic&utm_campaign=social_games;https://marylouse-ofertas.vercel.app/growth/pinterest/games.png
WhatsApp Status;Games;🎮 Ofertas de Games hoje;🎮 Ofertas de Games atualizadas hoje!\n\nDestaque: GTA VI Edição Standard - PS5\nPreço: R$ 449,90\n\nVeja a seleção completa:\nhttps://marylouse-ofertas.vercel.app/ofertas-games.html?utm_source=social&utm_medium=organic&utm_campaign=social_games;#MaryLouseOfertas #Ofertas #Promocao #Achadinhos;https://marylouse-ofertas.vercel.app/ofertas-games.html?utm_source=social&utm_medium=organic&utm_campaign=social_games;https://marylouse-ofertas.vercel.app/growth/pinterest/games.png
Instagram;Eletrônicos;🎧 Ofertas de Eletrônicos hoje;🎧 Ofertas de Eletrônicos atualizadas hoje!\n\nDestaque: Carregador Portátil Mini Power Bank 10000mAh Com 02 Saídas Tipo-C / L…\nPreço: R$ 31,99\n\nVeja a seleção completa:\nhttps://marylouse-ofertas.vercel.app/ofertas-eletronicos.html?utm_source=social&utm_medium=organic&utm_campaign=social_eletronicos;#MaryLouseOfertas #Ofertas #Promocao #Achadinhos;https://marylouse-ofertas.vercel.app/ofertas-eletronicos.html?utm_source=social&utm_medium=organic&utm_campaign=social_eletronicos;https://marylouse-ofertas.vercel.app/growth/pinterest/eletronicos.png
Facebook;Eletrônicos;🎧 Ofertas de Eletrônicos hoje;🎧 Ofertas de Eletrônicos atualizadas hoje!\n\nDestaque: Carregador Portátil Mini Power Bank 10000mAh Com 02 Saídas Tipo-C / L…\nPreço: R$ 31,99\n\nVeja a seleção completa:\nhttps://marylouse-ofertas.vercel.app/ofertas-eletronicos.html?utm_source=social&utm_medium=organic&utm_campaign=social_eletronicos;#MaryLouseOfertas #Ofertas #Promocao #Achadinhos;https://marylouse-ofertas.vercel.app/ofertas-eletronicos.html?utm_source=social&utm_medium=organic&utm_campaign=social_eletronicos;https://marylouse-ofertas.vercel.app/growth/pinterest/eletronicos.png
Threads;Eletrônicos;🎧 Ofertas de Eletrônicos hoje;🎧 Ofertas de Eletrônicos atualizadas hoje!\n\nDestaque: Carregador Portátil Mini Power Bank 10000mAh Com 02 Saídas Tipo-C / L…\nPreço: R$ 31,99\n\nVeja a seleção completa:\nhttps://marylouse-ofertas.vercel.app/ofertas-eletronicos.html?utm_source=social&utm_medium=organic&utm_campaign=social_eletronicos;#MaryLouseOfertas #Ofertas #Promocao #Achadinhos;https://marylouse-ofertas.vercel.app/ofertas-eletronicos.html?utm_source=social&utm_medium=organic&utm_campaign=social_eletronicos;https://marylouse-ofertas.vercel.app/growth/pinterest/eletronicos.png
WhatsApp Status;Eletrônicos;🎧 Ofertas de Eletrônicos hoje;🎧 Ofertas de Eletrônicos atualizadas hoje!\n\nDestaque: Carregador Portátil Mini Power Bank 10000mAh Com 02 Saídas Tipo-C / L…\nPreço: R$ 31,99\n\nVeja a seleção completa:\nhttps://marylouse-ofertas.vercel.app/ofertas-eletronicos.html?utm_source=social&utm_medium=organic&utm_campaign=social_eletronicos;#MaryLouseOfertas #Ofertas #Promocao #Achadinhos;https://marylouse-ofertas.vercel.app/ofertas-eletronicos.html?utm_source=social&utm_medium=organic&utm_campaign=social_eletronicos;https://marylouse-ofertas.vercel.app/growth/pinterest/eletronicos.png
