channel;category;time;title;price;marketplace;link;image;text;score
Beleza e Cuidados;Beleza e Cuidados;12:00 - 15:00;Escova Pet Secadora Elétrica;R$ 43,99;Shopee;https://s.shopee.com.br/70KZ1upqH3;https://marylouse-ofertas.vercel.app/growth/pinterest/beleza.png;"💄 Oferta para Beleza e Cuidados

Escova Pet Secadora Elétrica

💸 De: R$ 199,95
🔥 Por: R$ 43,99
🏷️ 78% OFF
🛒 Loja: Shopee

Ver oferta: https://s.shopee.com.br/70KZ1upqH3

⚠️ Preço e disponibilidade podem mudar.
MaryLouse Ofertas pode receber comissão por compras feitas pelos links.";65
Mamãe e Bebê;Mamãe e Bebê;09:00 - 11:00;Fralda Descartáveis Huggies Rápida Absorção Tripla Proteção Tamanho P…;R$ 32,00;Shopee;https://s.shopee.com.br/LnfQH0L1j;https://marylouse-ofertas.vercel.app/growth/pinterest/mae-bebe.png;"🍼 Oferta para Mamãe e Bebê

Fralda Descartáveis Huggies Rápida Absorção Tripla Proteção Tamanho P…

💸 De: R$ 58,18
🔥 Por: R$ 32,00
🏷️ 45% OFF
🛒 Loja: Shopee

Ver oferta: https://s.shopee.com.br/LnfQH0L1j

⚠️ Preço e disponibilidade podem mudar.
MaryLouse Ofertas pode receber comissão por compras feitas pelos links.";55
Celulares e Tecnologia;Celulares e Tecnologia;19:00 - 21:00;Smartphone Motorola Moto G06 4G 256GB 4GB RAM Câmera Traseira 50MP +…;R$ 869,00;Shopee;https://s.shopee.com.br/gQUgpBWqv;https://marylouse-ofertas.vercel.app/growth/pinterest/celulares.png;"📱 Oferta para Celulares e Tecnologia

Smartphone Motorola Moto G06 4G 256GB 4GB RAM Câmera Traseira 50MP +…

💸 De: R$ 1.498,28
🔥 Por: R$ 869,00
🏷️ 42% OFF
🛒 Loja: Shopee

Ver oferta: https://s.shopee.com.br/gQUgpBWqv

⚠️ Preço e disponibilidade podem mudar.
MaryLouse Ofertas pode receber comissão por compras feitas pelos links.";55
Ofertas Pet;Ofertas Pet;17:00 - 20:00;Sandália Babuche Papete;R$ 22,90;Shopee;https://s.shopee.com.br/BUExU4dOM;https://marylouse-ofertas.vercel.app/growth/pinterest/pet.png;"🐶 Oferta para Ofertas Pet

Sandália Babuche Papete

💸 De: R$ 40,18
🔥 Por: R$ 22,90
🏷️ 43% OFF
🛒 Loja: Shopee

Ver oferta: https://s.shopee.com.br/BUExU4dOM

⚠️ Preço e disponibilidade podem mudar.
MaryLouse Ofertas pode receber comissão por compras feitas pelos links.";55
Moda Feminina;Moda Feminina;12:00 - 14:00;Blazer Plus Size Alfaiataria;R$ 49,00;Shopee;https://s.shopee.com.br/4qG3S8Euol;https://marylouse-ofertas.vercel.app/growth/pinterest/moda-feminina.png;"👗 Oferta para Moda Feminina

Blazer Plus Size Alfaiataria

💸 De: R$ 158,06
🔥 Por: R$ 49,00
🏷️ 69% OFF
🛒 Loja: Shopee

Ver oferta: https://s.shopee.com.br/4qG3S8Euol

⚠️ Preço e disponibilidade podem mudar.
MaryLouse Ofertas pode receber comissão por compras feitas pelos links.";45
Casa e Cozinha;Casa e Cozinha;18:00 - 20:00;Fritadeira Air Fryer Itatiaia 3,5L;R$ 181,75;Shopee;https://s.shopee.com.br/6VOHpu5cAE;https://marylouse-ofertas.vercel.app/growth/pinterest/casa-cozinha.png;"🍳 Oferta para Casa e Cozinha

Fritadeira Air Fryer Itatiaia 3,5L

💸 De: R$ 230,06
🔥 Por: R$ 181,75
🏷️ 21% OFF
🛒 Loja: Shopee

Ver oferta: https://s.shopee.com.br/6VOHpu5cAE

⚠️ Preço e disponibilidade podem mudar.
MaryLouse Ofertas pode receber comissão por compras feitas pelos links.";45
